<?xml version="1.0" encoding="UTF-8"?>
<project-private xmlns="http://www.netbeans.org/ns/project-private/1">
    <editor-bookmarks xmlns="http://www.netbeans.org/ns/editor-bookmarks/2" lastBookmarkId="0"/>
    <open-files xmlns="http://www.netbeans.org/ns/projectui-open-files/2">
        <group>
            <file>file:/D:/Suli/4.FELEV/szoft%20teszt/java/Controller/src/GreenHouseController/IMonitor.java</file>
            <file>file:/D:/Suli/4.FELEV/szoft%20teszt/java/Controller/src/GreenHouseController/Main.java</file>
            <file>file:/D:/Suli/4.FELEV/szoft%20teszt/java/Controller/src/GreenHouseController/Driver.java</file>
            <file>file:/D:/Suli/4.FELEV/szoft%20teszt/java/Controller/src/GreenHouseController/Monitor.java</file>
            <file>file:/D:/Suli/4.FELEV/szoft%20teszt/java/Controller/src/GreenHouseController/Controller.java</file>
            <file>file:/D:/Suli/4.FELEV/szoft%20teszt/java/Controller/src/GreenHouseController/IDriver.java</file>
            <file>file:/D:/Suli/4.FELEV/szoft%20teszt/java/Controller/src/GreenHouseController/Loader.java</file>
            <file>file:/D:/Suli/4.FELEV/szoft%20teszt/java/Controller/src/GreenHouseController/ILoader.java</file>
            <file>file:/D:/Suli/4.FELEV/szoft%20teszt/java/Controller/src/GreenHouseController/JSONOperation.java</file>
        </group>
    </open-files>
</project-private>
